timestamp,latency_p95_ms,db_queries_per_req,active_db_connections,db_cpu_percent,error_rate_pct,req_per_sec
2026-08-28T14:00:00Z,12.4,1.0,2,8.2,0.0,45.0
2026-08-28T14:02:00Z,13.1,1.0,2,8.5,0.0,46.2
2026-08-28T14:05:00Z,15.0,1.2,3,9.1,0.0,48.0
2026-08-28T14:07:00Z,145.0,25.4,8,34.2,0.0,52.1
2026-08-28T14:09:00Z,890.0,120.0,18,78.6,2.1,50.4
2026-08-28T14:10:00Z,4200.0,250.0,20,96.4,18.5,49.0
2026-08-28T14:11:00Z,9800.0,250.0,20,99.1,42.0,41.2
2026-08-28T14:12:00Z,10000.0,250.0,20,98.8,64.3,38.0
2026-08-28T14:15:00Z,10000.0,250.0,20,99.0,78.1,35.0
